,ID,Customer_care_calls,Customer_rating,Cost_of_the_Product,Prior_purchases,Discount_offered,Weight_in_gms,Reached.on.Time_Y.N
ID,1.0,0.1889983473045312,-0.005722255334365404,0.1967913451410422,0.14536880466014848,-0.5982780149556365,0.2783116851625007,-0.4118224911314903
Customer_care_calls,0.1889983473045312,1.0,0.0122088041763862,0.323181830166115,0.18077119406237938,-0.1307500503715874,-0.2766151904583278,-0.06712585571198357
Customer_rating,-0.005722255334365404,0.0122088041763862,1.0,0.00926952458002452,0.013179388605121165,-0.003124443913316296,-0.0018968518473927952,0.013118604264751999
Cost_of_the_Product,0.1967913451410422,0.323181830166115,0.00926952458002452,1.0,0.12367599938810923,-0.13831168592479712,-0.13260404754942431,-0.07358721059030306
Prior_purchases,0.14536880466014848,0.18077119406237938,0.013179388605121165,0.12367599938810923,1.0,-0.08276930007281506,-0.1682130849006842,-0.05551501121359639
Discount_offered,-0.5982780149556365,-0.1307500503715874,-0.003124443913316296,-0.13831168592479712,-0.08276930007281506,1.0,-0.37606671513804746,0.3971084735832158
Weight_in_gms,0.2783116851625007,-0.2766151904583278,-0.0018968518473927952,-0.13260404754942431,-0.1682130849006842,-0.37606671513804746,1.0,-0.2687925839387998
Reached.on.Time_Y.N,-0.4118224911314903,-0.06712585571198357,0.013118604264751999,-0.07358721059030306,-0.05551501121359639,0.3971084735832158,-0.2687925839387998,1.0
